AddressofRecordZIPCode,SnapshotDate,PrimaryAreaOfPractice,CountOfLicensees
90001,6/1/19,Pediatrics,1
90002,6/1/19,Pediatrics,2
90003,6/1/19,Pediatrics,2
90004,6/1/19,Pediatrics,7
90005,6/1/19,Pediatrics,3
90006,6/1/19,Pediatrics,4
90007,6/1/19,Pediatrics,2
90008,6/1/19,Pediatrics,8
90009,6/1/19,Pediatrics,1
90010,6/1/19,Pediatrics,1
90011,6/1/19,Pediatrics,1
90012,6/1/19,Pediatrics,2
90013,6/1/19,Pediatrics,1
90014,6/1/19,Pediatrics,0
90015,6/1/19,Pediatrics,10
90016,6/1/19,Pediatrics,1
90017,6/1/19,Pediatrics,7
90018,6/1/19,Pediatrics,0
90019,6/1/19,Pediatrics,2
90020,6/1/19,Pediatrics,4
90021,6/1/19,Pediatrics,0
90022,6/1/19,Pediatrics,7
90023,6/1/19,Pediatrics,0
90024,6/1/19,Pediatrics,10
90025,6/1/19,Pediatrics,8
90026,6/1/19,Pediatrics,9
90027,6/1/19,Pediatrics,306
90028,6/1/19,Pediatrics,3
90029,6/1/19,Pediatrics,4
90031,6/1/19,Pediatrics,3
90032,6/1/19,Pediatrics,0
90033,6/1/19,Pediatrics,37
90034,6/1/19,Pediatrics,19
90035,6/1/19,Pediatrics,10
90036,6/1/19,Pediatrics,9
90037,6/1/19,Pediatrics,3
90038,6/1/19,Pediatrics,1
90039,6/1/19,Pediatrics,4
90040,6/1/19,Pediatrics,4
90041,6/1/19,Pediatrics,3
90042,6/1/19,Pediatrics,2
90043,6/1/19,Pediatrics,3
90044,6/1/19,Pediatrics,0
90045,6/1/19,Pediatrics,7
90046,6/1/19,Pediatrics,5
90047,6/1/19,Pediatrics,1
90048,6/1/19,Pediatrics,29
90049,6/1/19,Pediatrics,13
90050,6/1/19,Pediatrics,0
90054,6/1/19,Pediatrics,0
90056,6/1/19,Pediatrics,4
90057,6/1/19,Pediatrics,4
90058,6/1/19,Pediatrics,0
90059,6/1/19,Pediatrics,2
90061,6/1/19,Pediatrics,0
90062,6/1/19,Pediatrics,2
90063,6/1/19,Pediatrics,0
90064,6/1/19,Pediatrics,14
90065,6/1/19,Pediatrics,4
90066,6/1/19,Pediatrics,10
90067,6/1/19,Pediatrics,5
90068,6/1/19,Pediatrics,1
90069,6/1/19,Pediatrics,5
90070,6/1/19,Pediatrics,0
90071,6/1/19,Pediatrics,1
90073,6/1/19,Pediatrics,0
90074,6/1/19,Pediatrics,0
90075,6/1/19,Pediatrics,0
90076,6/1/19,Pediatrics,1
90077,6/1/19,Pediatrics,7
90078,6/1/19,Pediatrics,0
90081,6/1/19,Pediatrics,0
90083,6/1/19,Pediatrics,0
90086,6/1/19,Pediatrics,0
90089,6/1/19,Pediatrics,7
90093,6/1/19,Pediatrics,0
90094,6/1/19,Pediatrics,3
90095,6/1/19,Pediatrics,133
90099,6/1/19,Pediatrics,0
90201,6/1/19,Pediatrics,9
90209,6/1/19,Pediatrics,1
90210,6/1/19,Pediatrics,7
90211,6/1/19,Pediatrics,25
90212,6/1/19,Pediatrics,1
90213,6/1/19,Pediatrics,0
90220,6/1/19,Pediatrics,1
90221,6/1/19,Pediatrics,2
90222,6/1/19,Pediatrics,0
90230,6/1/19,Pediatrics,8
90231,6/1/19,Pediatrics,1
90232,6/1/19,Pediatrics,5
90239,6/1/19,Pediatrics,1
90240,6/1/19,Pediatrics,4
90241,6/1/19,Pediatrics,2
90242,6/1/19,Pediatrics,20
90245,6/1/19,Pediatrics,0
90247,6/1/19,Pediatrics,6
90248,6/1/19,Pediatrics,5
90249,6/1/19,Pediatrics,3
90250,6/1/19,Pediatrics,7
90251,6/1/19,Pediatrics,1
90254,6/1/19,Pediatrics,5
90255,6/1/19,Pediatrics,4
90260,6/1/19,Pediatrics,1
90261,6/1/19,Pediatrics,0
90262,6/1/19,Pediatrics,10
90264,6/1/19,Pediatrics,0
90265,6/1/19,Pediatrics,10
90266,6/1/19,Pediatrics,27
90267,6/1/19,Pediatrics,3
90270,6/1/19,Pediatrics,1
90272,6/1/19,Pediatrics,16
90274,6/1/19,Pediatrics,23
90275,6/1/19,Pediatrics,9
90277,6/1/19,Pediatrics,5
90278,6/1/19,Pediatrics,7
90280,6/1/19,Pediatrics,5
90290,6/1/19,Pediatrics,0
90291,6/1/19,Pediatrics,3
90292,6/1/19,Pediatrics,3
90293,6/1/19,Pediatrics,1
90294,6/1/19,Pediatrics,0
90295,6/1/19,Pediatrics,1
90296,6/1/19,Pediatrics,1
90301,6/1/19,Pediatrics,2
90302,6/1/19,Pediatrics,0
90303,6/1/19,Pediatrics,0
90304,6/1/19,Pediatrics,0
90305,6/1/19,Pediatrics,1
90307,6/1/19,Pediatrics,0
90308,6/1/19,Pediatrics,0
90401,6/1/19,Pediatrics,6
90402,6/1/19,Pediatrics,6
90403,6/1/19,Pediatrics,7
90404,6/1/19,Pediatrics,15
90405,6/1/19,Pediatrics,1
90406,6/1/19,Pediatrics,0
90408,6/1/19,Pediatrics,0
90409,6/1/19,Pediatrics,0
90501,6/1/19,Pediatrics,3
90502,6/1/19,Pediatrics,18
90503,6/1/19,Pediatrics,28
90504,6/1/19,Pediatrics,5
90505,6/1/19,Pediatrics,22
90507,6/1/19,Pediatrics,0
90508,6/1/19,Pediatrics,1
90509,6/1/19,Pediatrics,18
90510,6/1/19,Pediatrics,1
90601,6/1/19,Pediatrics,1
90602,6/1/19,Pediatrics,11
90603,6/1/19,Pediatrics,2
90604,6/1/19,Pediatrics,2
90605,6/1/19,Pediatrics,2
90606,6/1/19,Pediatrics,0
90607,6/1/19,Pediatrics,0
90608,6/1/19,Pediatrics,1
90609,6/1/19,Pediatrics,0
90620,6/1/19,Pediatrics,2
90621,6/1/19,Pediatrics,0
90622,6/1/19,Pediatrics,1
90623,6/1/19,Pediatrics,8
90630,6/1/19,Pediatrics,4
90631,6/1/19,Pediatrics,8
90632,6/1/19,Pediatrics,0
90633,6/1/19,Pediatrics,0
90637,6/1/19,Pediatrics,0
90638,6/1/19,Pediatrics,7
90639,6/1/19,Pediatrics,0
90640,6/1/19,Pediatrics,8
90650,6/1/19,Pediatrics,1
90660,6/1/19,Pediatrics,4
90670,6/1/19,Pediatrics,0
90680,6/1/19,Pediatrics,0
90701,6/1/19,Pediatrics,2
90702,6/1/19,Pediatrics,2
90703,6/1/19,Pediatrics,20
90704,6/1/19,Pediatrics,0
90706,6/1/19,Pediatrics,20
90707,6/1/19,Pediatrics,0
90710,6/1/19,Pediatrics,15
90711,6/1/19,Pediatrics,2
90712,6/1/19,Pediatrics,5
90713,6/1/19,Pediatrics,0
90714,6/1/19,Pediatrics,1
90715,6/1/19,Pediatrics,0
90716,6/1/19,Pediatrics,0
90717,6/1/19,Pediatrics,4
90720,6/1/19,Pediatrics,17
90721,6/1/19,Pediatrics,1
90723,6/1/19,Pediatrics,5
90731,6/1/19,Pediatrics,7
90732,6/1/19,Pediatrics,1
90733,6/1/19,Pediatrics,0
90734,6/1/19,Pediatrics,0
90740,6/1/19,Pediatrics,5
90742,6/1/19,Pediatrics,1
90743,6/1/19,Pediatrics,0
90744,6/1/19,Pediatrics,3
90745,6/1/19,Pediatrics,5
90746,6/1/19,Pediatrics,1
90747,6/1/19,Pediatrics,0
90749,6/1/19,Pediatrics,0
90755,6/1/19,Pediatrics,1
90801,6/1/19,Pediatrics,0
90802,6/1/19,Pediatrics,4
90803,6/1/19,Pediatrics,6
90804,6/1/19,Pediatrics,10
90805,6/1/19,Pediatrics,1
90806,6/1/19,Pediatrics,37
90807,6/1/19,Pediatrics,9
90808,6/1/19,Pediatrics,9
90809,6/1/19,Pediatrics,0
90810,6/1/19,Pediatrics,0
90813,6/1/19,Pediatrics,9
90814,6/1/19,Pediatrics,0
90815,6/1/19,Pediatrics,9
90822,6/1/19,Pediatrics,0
90832,6/1/19,Pediatrics,0
90840,6/1/19,Pediatrics,0
90853,6/1/19,Pediatrics,0
91001,6/1/19,Pediatrics,4
91003,6/1/19,Pediatrics,0
91006,6/1/19,Pediatrics,10
91007,6/1/19,Pediatrics,16
91008,6/1/19,Pediatrics,0
91009,6/1/19,Pediatrics,0
91010,6/1/19,Pediatrics,10
91011,6/1/19,Pediatrics,31
91012,6/1/19,Pediatrics,2
91016,6/1/19,Pediatrics,4
91017,6/1/19,Pediatrics,1
91020,6/1/19,Pediatrics,0
91021,6/1/19,Pediatrics,0
91024,6/1/19,Pediatrics,3
91025,6/1/19,Pediatrics,0
91030,6/1/19,Pediatrics,5
91031,6/1/19,Pediatrics,2
91040,6/1/19,Pediatrics,1
91042,6/1/19,Pediatrics,0
91043,6/1/19,Pediatrics,0
91046,6/1/19,Pediatrics,0
91066,6/1/19,Pediatrics,0
91077,6/1/19,Pediatrics,0
91101,6/1/19,Pediatrics,5
91102,6/1/19,Pediatrics,0
91103,6/1/19,Pediatrics,5
91104,6/1/19,Pediatrics,3
91105,6/1/19,Pediatrics,26
91106,6/1/19,Pediatrics,3
91107,6/1/19,Pediatrics,16
91108,6/1/19,Pediatrics,8
91109,6/1/19,Pediatrics,1
91115,6/1/19,Pediatrics,0
91116,6/1/19,Pediatrics,0
91117,6/1/19,Pediatrics,1
91118,6/1/19,Pediatrics,1
91121,6/1/19,Pediatrics,0
91125,6/1/19,Pediatrics,0
91188,6/1/19,Pediatrics,0
91201,6/1/19,Pediatrics,0
91202,6/1/19,Pediatrics,8
91203,6/1/19,Pediatrics,9
91204,6/1/19,Pediatrics,10
91205,6/1/19,Pediatrics,2
91206,6/1/19,Pediatrics,15
91207,6/1/19,Pediatrics,1
91208,6/1/19,Pediatrics,5
91209,6/1/19,Pediatrics,0
91210,6/1/19,Pediatrics,0
91214,6/1/19,Pediatrics,2
91221,6/1/19,Pediatrics,0
91222,6/1/19,Pediatrics,0
91224,6/1/19,Pediatrics,0
91225,6/1/19,Pediatrics,0
91226,6/1/19,Pediatrics,0
91301,6/1/19,Pediatrics,5
91302,6/1/19,Pediatrics,7
91303,6/1/19,Pediatrics,3
91304,6/1/19,Pediatrics,1
91306,6/1/19,Pediatrics,1
91307,6/1/19,Pediatrics,17
91308,6/1/19,Pediatrics,0
91311,6/1/19,Pediatrics,5
91313,6/1/19,Pediatrics,0
91316,6/1/19,Pediatrics,28
91319,6/1/19,Pediatrics,0
91320,6/1/19,Pediatrics,13
91321,6/1/19,Pediatrics,2
91322,6/1/19,Pediatrics,0
91324,6/1/19,Pediatrics,9
91325,6/1/19,Pediatrics,7
91326,6/1/19,Pediatrics,14
91327,6/1/19,Pediatrics,0
91328,6/1/19,Pediatrics,0
91330,6/1/19,Pediatrics,1
91331,6/1/19,Pediatrics,3
91335,6/1/19,Pediatrics,2
91337,6/1/19,Pediatrics,1
91340,6/1/19,Pediatrics,8
91342,6/1/19,Pediatrics,15
91343,6/1/19,Pediatrics,1
91344,6/1/19,Pediatrics,9
91345,6/1/19,Pediatrics,14
91346,6/1/19,Pediatrics,0
91350,6/1/19,Pediatrics,3
91351,6/1/19,Pediatrics,2
91352,6/1/19,Pediatrics,2
91353,6/1/19,Pediatrics,0
91354,6/1/19,Pediatrics,1
91355,6/1/19,Pediatrics,19
91356,6/1/19,Pediatrics,13
91357,6/1/19,Pediatrics,1
91358,6/1/19,Pediatrics,1
91359,6/1/19,Pediatrics,1
91360,6/1/19,Pediatrics,9
91361,6/1/19,Pediatrics,14
91362,6/1/19,Pediatrics,4
91364,6/1/19,Pediatrics,5
91365,6/1/19,Pediatrics,4
91367,6/1/19,Pediatrics,16
91372,6/1/19,Pediatrics,0
91376,6/1/19,Pediatrics,0
91377,6/1/19,Pediatrics,4
91380,6/1/19,Pediatrics,1
91381,6/1/19,Pediatrics,3
91384,6/1/19,Pediatrics,0
91385,6/1/19,Pediatrics,0
91386,6/1/19,Pediatrics,0
91387,6/1/19,Pediatrics,8
91390,6/1/19,Pediatrics,0
91392,6/1/19,Pediatrics,0
91393,6/1/19,Pediatrics,0
91394,6/1/19,Pediatrics,0
91395,6/1/19,Pediatrics,0
91401,6/1/19,Pediatrics,4
91402,6/1/19,Pediatrics,20
91403,6/1/19,Pediatrics,5
91405,6/1/19,Pediatrics,7
91406,6/1/19,Pediatrics,2
91408,6/1/19,Pediatrics,0
91409,6/1/19,Pediatrics,0
91411,6/1/19,Pediatrics,0
91412,6/1/19,Pediatrics,0
91413,6/1/19,Pediatrics,1
91416,6/1/19,Pediatrics,3
91423,6/1/19,Pediatrics,5
91426,6/1/19,Pediatrics,0
91436,6/1/19,Pediatrics,9
91501,6/1/19,Pediatrics,2
91502,6/1/19,Pediatrics,0
91503,6/1/19,Pediatrics,0
91504,6/1/19,Pediatrics,0
91505,6/1/19,Pediatrics,11
91506,6/1/19,Pediatrics,4
91507,6/1/19,Pediatrics,0
91508,6/1/19,Pediatrics,0
91510,6/1/19,Pediatrics,1
91601,6/1/19,Pediatrics,1
91602,6/1/19,Pediatrics,2
91603,6/1/19,Pediatrics,1
91604,6/1/19,Pediatrics,7
91605,6/1/19,Pediatrics,1
91606,6/1/19,Pediatrics,0
91607,6/1/19,Pediatrics,4
91614,6/1/19,Pediatrics,0
91615,6/1/19,Pediatrics,0
91617,6/1/19,Pediatrics,0
91701,6/1/19,Pediatrics,1
91702,6/1/19,Pediatrics,4
91706,6/1/19,Pediatrics,18
91708,6/1/19,Pediatrics,1
91709,6/1/19,Pediatrics,9
91710,6/1/19,Pediatrics,7
91711,6/1/19,Pediatrics,7
91715,6/1/19,Pediatrics,0
91716,6/1/19,Pediatrics,0
91722,6/1/19,Pediatrics,3
91723,6/1/19,Pediatrics,10
91724,6/1/19,Pediatrics,1
91729,6/1/19,Pediatrics,1
91730,6/1/19,Pediatrics,10
91731,6/1/19,Pediatrics,10
91732,6/1/19,Pediatrics,1
91733,6/1/19,Pediatrics,1
91734,6/1/19,Pediatrics,1
91737,6/1/19,Pediatrics,6
91739,6/1/19,Pediatrics,1
91740,6/1/19,Pediatrics,2
91741,6/1/19,Pediatrics,2
91743,6/1/19,Pediatrics,0
91744,6/1/19,Pediatrics,2
91745,6/1/19,Pediatrics,10
91746,6/1/19,Pediatrics,0
91748,6/1/19,Pediatrics,4
91750,6/1/19,Pediatrics,2
91752,6/1/19,Pediatrics,1
91754,6/1/19,Pediatrics,13
91755,6/1/19,Pediatrics,4
91761,6/1/19,Pediatrics,3
91762,6/1/19,Pediatrics,4
91763,6/1/19,Pediatrics,1
91764,6/1/19,Pediatrics,1
91765,6/1/19,Pediatrics,16
91766,6/1/19,Pediatrics,1
91767,6/1/19,Pediatrics,9
91768,6/1/19,Pediatrics,1
91769,6/1/19,Pediatrics,0
91770,6/1/19,Pediatrics,3
91773,6/1/19,Pediatrics,4
91775,6/1/19,Pediatrics,4
91776,6/1/19,Pediatrics,5
91778,6/1/19,Pediatrics,0
91780,6/1/19,Pediatrics,2
91784,6/1/19,Pediatrics,8
91785,6/1/19,Pediatrics,1
91786,6/1/19,Pediatrics,11
91788,6/1/19,Pediatrics,0
91789,6/1/19,Pediatrics,6
91790,6/1/19,Pediatrics,11
91791,6/1/19,Pediatrics,1
91792,6/1/19,Pediatrics,4
91793,6/1/19,Pediatrics,0
91801,6/1/19,Pediatrics,8
91802,6/1/19,Pediatrics,0
91803,6/1/19,Pediatrics,0
91901,6/1/19,Pediatrics,3
91902,6/1/19,Pediatrics,8
91903,6/1/19,Pediatrics,0
91908,6/1/19,Pediatrics,0
91910,6/1/19,Pediatrics,4
91911,6/1/19,Pediatrics,8
91912,6/1/19,Pediatrics,0
91913,6/1/19,Pediatrics,9
91914,6/1/19,Pediatrics,10
91915,6/1/19,Pediatrics,0
91916,6/1/19,Pediatrics,0
91921,6/1/19,Pediatrics,1
91932,6/1/19,Pediatrics,1
91933,6/1/19,Pediatrics,0
91935,6/1/19,Pediatrics,1
91941,6/1/19,Pediatrics,6
91942,6/1/19,Pediatrics,15
91943,6/1/19,Pediatrics,0
91944,6/1/19,Pediatrics,1
91945,6/1/19,Pediatrics,1
91946,6/1/19,Pediatrics,0
91950,6/1/19,Pediatrics,8
91951,6/1/19,Pediatrics,0
91976,6/1/19,Pediatrics,0
91977,6/1/19,Pediatrics,2
91978,6/1/19,Pediatrics,0
91979,6/1/19,Pediatrics,0
92003,6/1/19,Pediatrics,0
92004,6/1/19,Pediatrics,0
92007,6/1/19,Pediatrics,1
92008,6/1/19,Pediatrics,9
92009,6/1/19,Pediatrics,9
92010,6/1/19,Pediatrics,2
92011,6/1/19,Pediatrics,4
92013,6/1/19,Pediatrics,0
92014,6/1/19,Pediatrics,6
92018,6/1/19,Pediatrics,1
92019,6/1/19,Pediatrics,3
92020,6/1/19,Pediatrics,9
92021,6/1/19,Pediatrics,3
92022,6/1/19,Pediatrics,0
92023,6/1/19,Pediatrics,2
92024,6/1/19,Pediatrics,16
92025,6/1/19,Pediatrics,19
92026,6/1/19,Pediatrics,1
92027,6/1/19,Pediatrics,3
92028,6/1/19,Pediatrics,1
92029,6/1/19,Pediatrics,3
92036,6/1/19,Pediatrics,0
92037,6/1/19,Pediatrics,38
92038,6/1/19,Pediatrics,2
92039,6/1/19,Pediatrics,0
92040,6/1/19,Pediatrics,2
92046,6/1/19,Pediatrics,0
92051,6/1/19,Pediatrics,1
92052,6/1/19,Pediatrics,0
92054,6/1/19,Pediatrics,3
92055,6/1/19,Pediatrics,1
92056,6/1/19,Pediatrics,8
92057,6/1/19,Pediatrics,1
92058,6/1/19,Pediatrics,0
92059,6/1/19,Pediatrics,0
92060,6/1/19,Pediatrics,0
92061,6/1/19,Pediatrics,0
92064,6/1/19,Pediatrics,12
92065,6/1/19,Pediatrics,0
92067,6/1/19,Pediatrics,7
92068,6/1/19,Pediatrics,0
92069,6/1/19,Pediatrics,4
92070,6/1/19,Pediatrics,0
92071,6/1/19,Pediatrics,3
92072,6/1/19,Pediatrics,0
92074,6/1/19,Pediatrics,2
92075,6/1/19,Pediatrics,4
92078,6/1/19,Pediatrics,9
92079,6/1/19,Pediatrics,0
92081,6/1/19,Pediatrics,1
92082,6/1/19,Pediatrics,1
92083,6/1/19,Pediatrics,7
92084,6/1/19,Pediatrics,6
92085,6/1/19,Pediatrics,0
92086,6/1/19,Pediatrics,0
92088,6/1/19,Pediatrics,0
92091,6/1/19,Pediatrics,0
92092,6/1/19,Pediatrics,0
92093,6/1/19,Pediatrics,7
92096,6/1/19,Pediatrics,0
92101,6/1/19,Pediatrics,4
92102,6/1/19,Pediatrics,5
92103,6/1/19,Pediatrics,25
92104,6/1/19,Pediatrics,7
92105,6/1/19,Pediatrics,5
92106,6/1/19,Pediatrics,7
92107,6/1/19,Pediatrics,4
92108,6/1/19,Pediatrics,12
92109,6/1/19,Pediatrics,4
92110,6/1/19,Pediatrics,2
92111,6/1/19,Pediatrics,10
92112,6/1/19,Pediatrics,1
92113,6/1/19,Pediatrics,3
92114,6/1/19,Pediatrics,2
92115,6/1/19,Pediatrics,2
92116,6/1/19,Pediatrics,3
92117,6/1/19,Pediatrics,5
92118,6/1/19,Pediatrics,3
92119,6/1/19,Pediatrics,3
92120,6/1/19,Pediatrics,18
92121,6/1/19,Pediatrics,7
92122,6/1/19,Pediatrics,11
92123,6/1/19,Pediatrics,182
92124,6/1/19,Pediatrics,2
92126,6/1/19,Pediatrics,0
92127,6/1/19,Pediatrics,17
92128,6/1/19,Pediatrics,16
92129,6/1/19,Pediatrics,5
92130,6/1/19,Pediatrics,36
92131,6/1/19,Pediatrics,17
92134,6/1/19,Pediatrics,15
92135,6/1/19,Pediatrics,0
92136,6/1/19,Pediatrics,0
92137,6/1/19,Pediatrics,0
92138,6/1/19,Pediatrics,1
92139,6/1/19,Pediatrics,0
92140,6/1/19,Pediatrics,0
92142,6/1/19,Pediatrics,1
92143,6/1/19,Pediatrics,0
92145,6/1/19,Pediatrics,1
92149,6/1/19,Pediatrics,0
92150,6/1/19,Pediatrics,0
92154,6/1/19,Pediatrics,11
92155,6/1/19,Pediatrics,0
92159,6/1/19,Pediatrics,0
92160,6/1/19,Pediatrics,1
92161,6/1/19,Pediatrics,0
92163,6/1/19,Pediatrics,0
92166,6/1/19,Pediatrics,0
92167,6/1/19,Pediatrics,0
92168,6/1/19,Pediatrics,0
92169,6/1/19,Pediatrics,0
92171,6/1/19,Pediatrics,0
92172,6/1/19,Pediatrics,2
92173,6/1/19,Pediatrics,3
92174,6/1/19,Pediatrics,0
92175,6/1/19,Pediatrics,1
92176,6/1/19,Pediatrics,0
92177,6/1/19,Pediatrics,0
92178,6/1/19,Pediatrics,0
92179,6/1/19,Pediatrics,0
92182,6/1/19,Pediatrics,0
92191,6/1/19,Pediatrics,4
92192,6/1/19,Pediatrics,1
92193,6/1/19,Pediatrics,1
92196,6/1/19,Pediatrics,0
92198,6/1/19,Pediatrics,2
92201,6/1/19,Pediatrics,6
92202,6/1/19,Pediatrics,0
92203,6/1/19,Pediatrics,1
92210,6/1/19,Pediatrics,0
92211,6/1/19,Pediatrics,3
92220,6/1/19,Pediatrics,3
92223,6/1/19,Pediatrics,1
92225,6/1/19,Pediatrics,1
92226,6/1/19,Pediatrics,0
92227,6/1/19,Pediatrics,3
92231,6/1/19,Pediatrics,2
92232,6/1/19,Pediatrics,0
92233,6/1/19,Pediatrics,0
92234,6/1/19,Pediatrics,2
92235,6/1/19,Pediatrics,0
92236,6/1/19,Pediatrics,1
92240,6/1/19,Pediatrics,0
92241,6/1/19,Pediatrics,0
92243,6/1/19,Pediatrics,5
92244,6/1/19,Pediatrics,1
92247,6/1/19,Pediatrics,0
92248,6/1/19,Pediatrics,1
92250,6/1/19,Pediatrics,0
92251,6/1/19,Pediatrics,1
92252,6/1/19,Pediatrics,0
92253,6/1/19,Pediatrics,0
92254,6/1/19,Pediatrics,0
92255,6/1/19,Pediatrics,0
92256,6/1/19,Pediatrics,0
92260,6/1/19,Pediatrics,2
92261,6/1/19,Pediatrics,0
92262,6/1/19,Pediatrics,3
92263,6/1/19,Pediatrics,0
92264,6/1/19,Pediatrics,1
92270,6/1/19,Pediatrics,4
92274,6/1/19,Pediatrics,0
92276,6/1/19,Pediatrics,0
92277,6/1/19,Pediatrics,1
92278,6/1/19,Pediatrics,1
92284,6/1/19,Pediatrics,2
92286,6/1/19,Pediatrics,0
92301,6/1/19,Pediatrics,1
92307,6/1/19,Pediatrics,4
92308,6/1/19,Pediatrics,6
92310,6/1/19,Pediatrics,0
92311,6/1/19,Pediatrics,2
92312,6/1/19,Pediatrics,2
92313,6/1/19,Pediatrics,0
92314,6/1/19,Pediatrics,0
92315,6/1/19,Pediatrics,0
92316,6/1/19,Pediatrics,0
92317,6/1/19,Pediatrics,0
92320,6/1/19,Pediatrics,2
92321,6/1/19,Pediatrics,1
92323,6/1/19,Pediatrics,0
92324,6/1/19,Pediatrics,12
92325,6/1/19,Pediatrics,0
92331,6/1/19,Pediatrics,0
92333,6/1/19,Pediatrics,0
92335,6/1/19,Pediatrics,39
92336,6/1/19,Pediatrics,8
92337,6/1/19,Pediatrics,0
92339,6/1/19,Pediatrics,0
92340,6/1/19,Pediatrics,0
92342,6/1/19,Pediatrics,0
92344,6/1/19,Pediatrics,0
92345,6/1/19,Pediatrics,1
92346,6/1/19,Pediatrics,5
92350,6/1/19,Pediatrics,39
92352,6/1/19,Pediatrics,0
92354,6/1/19,Pediatrics,75
92357,6/1/19,Pediatrics,0
92359,6/1/19,Pediatrics,0
92363,6/1/19,Pediatrics,0
92364,6/1/19,Pediatrics,0
92369,6/1/19,Pediatrics,0
92371,6/1/19,Pediatrics,0
92373,6/1/19,Pediatrics,16
92374,6/1/19,Pediatrics,8
92375,6/1/19,Pediatrics,1
92376,6/1/19,Pediatrics,1
92377,6/1/19,Pediatrics,0
92382,6/1/19,Pediatrics,0
92384,6/1/19,Pediatrics,0
92385,6/1/19,Pediatrics,0
92392,6/1/19,Pediatrics,4
92393,6/1/19,Pediatrics,2
92394,6/1/19,Pediatrics,0
92395,6/1/19,Pediatrics,5
92397,6/1/19,Pediatrics,0
92399,6/1/19,Pediatrics,4
92401,6/1/19,Pediatrics,2
92402,6/1/19,Pediatrics,0
92404,6/1/19,Pediatrics,3
92405,6/1/19,Pediatrics,1
92406,6/1/19,Pediatrics,0
92407,6/1/19,Pediatrics,0
92408,6/1/19,Pediatrics,3
92410,6/1/19,Pediatrics,0
92411,6/1/19,Pediatrics,3
92413,6/1/19,Pediatrics,0
92415,6/1/19,Pediatrics,0
92423,6/1/19,Pediatrics,0
92427,6/1/19,Pediatrics,0
92501,6/1/19,Pediatrics,4
92502,6/1/19,Pediatrics,0
92503,6/1/19,Pediatrics,7
92504,6/1/19,Pediatrics,4
92505,6/1/19,Pediatrics,24
92506,6/1/19,Pediatrics,15
92507,6/1/19,Pediatrics,6
92508,6/1/19,Pediatrics,1
92509,6/1/19,Pediatrics,2
92513,6/1/19,Pediatrics,0
92514,6/1/19,Pediatrics,0
92516,6/1/19,Pediatrics,0
92517,6/1/19,Pediatrics,1
92518,6/1/19,Pediatrics,0
92521,6/1/19,Pediatrics,0
92530,6/1/19,Pediatrics,1
92532,6/1/19,Pediatrics,1
92536,6/1/19,Pediatrics,0
92539,6/1/19,Pediatrics,0
92543,6/1/19,Pediatrics,2
92544,6/1/19,Pediatrics,0
92545,6/1/19,Pediatrics,1
92546,6/1/19,Pediatrics,0
92548,6/1/19,Pediatrics,0
92549,6/1/19,Pediatrics,0
92551,6/1/19,Pediatrics,0
92552,6/1/19,Pediatrics,0
92553,6/1/19,Pediatrics,14
92555,6/1/19,Pediatrics,1
92556,6/1/19,Pediatrics,0
92557,6/1/19,Pediatrics,0
92561,6/1/19,Pediatrics,0
92562,6/1/19,Pediatrics,8
92563,6/1/19,Pediatrics,4
92564,6/1/19,Pediatrics,0
92570,6/1/19,Pediatrics,1
92571,6/1/19,Pediatrics,0
92581,6/1/19,Pediatrics,0
92582,6/1/19,Pediatrics,0
92583,6/1/19,Pediatrics,1
92584,6/1/19,Pediatrics,0
92585,6/1/19,Pediatrics,0
92586,6/1/19,Pediatrics,1
92587,6/1/19,Pediatrics,0
92589,6/1/19,Pediatrics,0
92590,6/1/19,Pediatrics,7
92591,6/1/19,Pediatrics,3
92592,6/1/19,Pediatrics,10
92593,6/1/19,Pediatrics,1
92595,6/1/19,Pediatrics,4
92596,6/1/19,Pediatrics,0
92602,6/1/19,Pediatrics,14
92603,6/1/19,Pediatrics,8
92604,6/1/19,Pediatrics,19
92605,6/1/19,Pediatrics,2
92606,6/1/19,Pediatrics,5
92607,6/1/19,Pediatrics,1
92609,6/1/19,Pediatrics,0
92610,6/1/19,Pediatrics,5
92612,6/1/19,Pediatrics,9
92614,6/1/19,Pediatrics,6
92615,6/1/19,Pediatrics,1
92616,6/1/19,Pediatrics,1
92617,6/1/19,Pediatrics,2
92618,6/1/19,Pediatrics,22
92619,6/1/19,Pediatrics,1
92620,6/1/19,Pediatrics,10
92623,6/1/19,Pediatrics,3
92624,6/1/19,Pediatrics,3
92625,6/1/19,Pediatrics,1
92626,6/1/19,Pediatrics,9
92627,6/1/19,Pediatrics,6
92628,6/1/19,Pediatrics,0
92629,6/1/19,Pediatrics,2
92630,6/1/19,Pediatrics,11
92637,6/1/19,Pediatrics,2
92646,6/1/19,Pediatrics,4
92647,6/1/19,Pediatrics,13
92648,6/1/19,Pediatrics,18
92649,6/1/19,Pediatrics,3
92650,6/1/19,Pediatrics,0
92651,6/1/19,Pediatrics,7
92652,6/1/19,Pediatrics,0
92653,6/1/19,Pediatrics,18
92654,6/1/19,Pediatrics,0
92655,6/1/19,Pediatrics,0
92656,6/1/19,Pediatrics,2
92657,6/1/19,Pediatrics,5
92658,6/1/19,Pediatrics,2
92659,6/1/19,Pediatrics,0
92660,6/1/19,Pediatrics,12
92661,6/1/19,Pediatrics,0
92662,6/1/19,Pediatrics,0
92663,6/1/19,Pediatrics,13
92672,6/1/19,Pediatrics,4
92673,6/1/19,Pediatrics,8
92674,6/1/19,Pediatrics,0
92675,6/1/19,Pediatrics,7
92676,6/1/19,Pediatrics,0
92677,6/1/19,Pediatrics,14
92678,6/1/19,Pediatrics,0
92679,6/1/19,Pediatrics,1
92683,6/1/19,Pediatrics,12
92684,6/1/19,Pediatrics,0
92685,6/1/19,Pediatrics,1
92688,6/1/19,Pediatrics,7
92690,6/1/19,Pediatrics,2
92691,6/1/19,Pediatrics,20
92692,6/1/19,Pediatrics,5
92693,6/1/19,Pediatrics,0
92694,6/1/19,Pediatrics,7
92697,6/1/19,Pediatrics,1
92701,6/1/19,Pediatrics,9
92702,6/1/19,Pediatrics,0
92703,6/1/19,Pediatrics,2
92704,6/1/19,Pediatrics,15
92705,6/1/19,Pediatrics,25
92706,6/1/19,Pediatrics,3
92707,6/1/19,Pediatrics,2
92708,6/1/19,Pediatrics,24
92711,6/1/19,Pediatrics,0
92728,6/1/19,Pediatrics,0
92780,6/1/19,Pediatrics,25
92781,6/1/19,Pediatrics,2
92782,6/1/19,Pediatrics,7
92799,6/1/19,Pediatrics,0
92801,6/1/19,Pediatrics,16
92802,6/1/19,Pediatrics,1
92803,6/1/19,Pediatrics,0
92804,6/1/19,Pediatrics,6
92805,6/1/19,Pediatrics,1
92806,6/1/19,Pediatrics,13
92807,6/1/19,Pediatrics,15
92808,6/1/19,Pediatrics,10
92809,6/1/19,Pediatrics,0
92811,6/1/19,Pediatrics,0
92812,6/1/19,Pediatrics,0
92814,6/1/19,Pediatrics,0
92815,6/1/19,Pediatrics,0
92816,6/1/19,Pediatrics,0
92817,6/1/19,Pediatrics,3
92821,6/1/19,Pediatrics,7
92822,6/1/19,Pediatrics,2
92823,6/1/19,Pediatrics,1
92825,6/1/19,Pediatrics,0
92831,6/1/19,Pediatrics,2
92832,6/1/19,Pediatrics,2
92833,6/1/19,Pediatrics,4
92834,6/1/19,Pediatrics,0
92835,6/1/19,Pediatrics,9
92837,6/1/19,Pediatrics,0
92838,6/1/19,Pediatrics,0
92840,6/1/19,Pediatrics,10
92841,6/1/19,Pediatrics,1
92842,6/1/19,Pediatrics,0
92843,6/1/19,Pediatrics,10
92844,6/1/19,Pediatrics,2
92845,6/1/19,Pediatrics,0
92856,6/1/19,Pediatrics,0
92859,6/1/19,Pediatrics,1
92860,6/1/19,Pediatrics,1
92861,6/1/19,Pediatrics,4
92863,6/1/19,Pediatrics,1
92865,6/1/19,Pediatrics,0
92866,6/1/19,Pediatrics,2
92867,6/1/19,Pediatrics,4
92868,6/1/19,Pediatrics,124
92869,6/1/19,Pediatrics,10
92870,6/1/19,Pediatrics,3
92871,6/1/19,Pediatrics,0
92877,6/1/19,Pediatrics,0
92878,6/1/19,Pediatrics,1
92879,6/1/19,Pediatrics,9
92880,6/1/19,Pediatrics,3
92881,6/1/19,Pediatrics,1
92882,6/1/19,Pediatrics,6
92883,6/1/19,Pediatrics,0
92885,6/1/19,Pediatrics,1
92886,6/1/19,Pediatrics,7
92887,6/1/19,Pediatrics,6
93001,6/1/19,Pediatrics,5
93002,6/1/19,Pediatrics,0
93003,6/1/19,Pediatrics,17
93004,6/1/19,Pediatrics,2
93006,6/1/19,Pediatrics,0
93007,6/1/19,Pediatrics,0
93009,6/1/19,Pediatrics,0
93010,6/1/19,Pediatrics,9
93011,6/1/19,Pediatrics,2
93012,6/1/19,Pediatrics,4
93013,6/1/19,Pediatrics,1
93014,6/1/19,Pediatrics,0
93015,6/1/19,Pediatrics,0
93020,6/1/19,Pediatrics,0
93021,6/1/19,Pediatrics,1
93022,6/1/19,Pediatrics,0
93023,6/1/19,Pediatrics,2
93024,6/1/19,Pediatrics,0
93030,6/1/19,Pediatrics,4
93031,6/1/19,Pediatrics,0
93033,6/1/19,Pediatrics,2
93034,6/1/19,Pediatrics,0
93035,6/1/19,Pediatrics,0
93036,6/1/19,Pediatrics,16
93041,6/1/19,Pediatrics,0
93043,6/1/19,Pediatrics,1
93044,6/1/19,Pediatrics,0
93060,6/1/19,Pediatrics,4
93062,6/1/19,Pediatrics,0
93063,6/1/19,Pediatrics,2
93065,6/1/19,Pediatrics,8
93066,6/1/19,Pediatrics,0
93067,6/1/19,Pediatrics,0
93094,6/1/19,Pediatrics,0
93101,6/1/19,Pediatrics,5
93102,6/1/19,Pediatrics,2
93103,6/1/19,Pediatrics,6
93105,6/1/19,Pediatrics,17
93106,6/1/19,Pediatrics,0
93108,6/1/19,Pediatrics,2
93109,6/1/19,Pediatrics,1
93110,6/1/19,Pediatrics,6
93111,6/1/19,Pediatrics,10
93116,6/1/19,Pediatrics,0
93117,6/1/19,Pediatrics,1
93118,6/1/19,Pediatrics,0
93120,6/1/19,Pediatrics,0
93121,6/1/19,Pediatrics,0
93130,6/1/19,Pediatrics,0
93140,6/1/19,Pediatrics,0
93150,6/1/19,Pediatrics,0
93160,6/1/19,Pediatrics,0
93190,6/1/19,Pediatrics,0
93203,6/1/19,Pediatrics,0
93204,6/1/19,Pediatrics,0
93206,6/1/19,Pediatrics,0
93210,6/1/19,Pediatrics,1
93212,6/1/19,Pediatrics,0
93215,6/1/19,Pediatrics,7
93218,6/1/19,Pediatrics,0
93221,6/1/19,Pediatrics,3
93222,6/1/19,Pediatrics,0
93223,6/1/19,Pediatrics,0
93225,6/1/19,Pediatrics,0
93230,6/1/19,Pediatrics,5
93232,6/1/19,Pediatrics,0
93238,6/1/19,Pediatrics,1
93240,6/1/19,Pediatrics,0
93241,6/1/19,Pediatrics,1
93243,6/1/19,Pediatrics,0
93245,6/1/19,Pediatrics,1
93246,6/1/19,Pediatrics,0
93247,6/1/19,Pediatrics,1
93249,6/1/19,Pediatrics,0
93250,6/1/19,Pediatrics,1
93257,6/1/19,Pediatrics,13
93258,6/1/19,Pediatrics,0
93263,6/1/19,Pediatrics,1
93265,6/1/19,Pediatrics,0
93268,6/1/19,Pediatrics,0
93270,6/1/19,Pediatrics,0
93271,6/1/19,Pediatrics,0
93274,6/1/19,Pediatrics,6
93275,6/1/19,Pediatrics,0
93277,6/1/19,Pediatrics,8
93278,6/1/19,Pediatrics,0
93279,6/1/19,Pediatrics,0
93280,6/1/19,Pediatrics,0
93286,6/1/19,Pediatrics,1
93290,6/1/19,Pediatrics,0
93291,6/1/19,Pediatrics,26
93292,6/1/19,Pediatrics,3
93301,6/1/19,Pediatrics,7
93302,6/1/19,Pediatrics,0
93303,6/1/19,Pediatrics,0
93304,6/1/19,Pediatrics,1
93305,6/1/19,Pediatrics,1
93306,6/1/19,Pediatrics,1
93307,6/1/19,Pediatrics,0
93308,6/1/19,Pediatrics,1
93309,6/1/19,Pediatrics,9
93311,6/1/19,Pediatrics,29
93312,6/1/19,Pediatrics,5
93313,6/1/19,Pediatrics,0
93314,6/1/19,Pediatrics,2
93380,6/1/19,Pediatrics,0
93384,6/1/19,Pediatrics,0
93386,6/1/19,Pediatrics,0
93387,6/1/19,Pediatrics,0
93389,6/1/19,Pediatrics,3
93390,6/1/19,Pediatrics,0
93401,6/1/19,Pediatrics,19
93402,6/1/19,Pediatrics,1
93403,6/1/19,Pediatrics,0
93405,6/1/19,Pediatrics,3
93406,6/1/19,Pediatrics,1
93407,6/1/19,Pediatrics,0
93409,6/1/19,Pediatrics,0
93412,6/1/19,Pediatrics,0
93420,6/1/19,Pediatrics,3
93421,6/1/19,Pediatrics,1
93422,6/1/19,Pediatrics,2
93423,6/1/19,Pediatrics,0
93424,6/1/19,Pediatrics,0
93427,6/1/19,Pediatrics,0
93428,6/1/19,Pediatrics,0
93430,6/1/19,Pediatrics,0
93432,6/1/19,Pediatrics,0
93433,6/1/19,Pediatrics,1
93434,6/1/19,Pediatrics,0
93435,6/1/19,Pediatrics,0
93436,6/1/19,Pediatrics,7
93437,6/1/19,Pediatrics,0
93441,6/1/19,Pediatrics,0
93442,6/1/19,Pediatrics,0
93443,6/1/19,Pediatrics,0
93444,6/1/19,Pediatrics,3
93445,6/1/19,Pediatrics,0
93446,6/1/19,Pediatrics,2
93447,6/1/19,Pediatrics,0
93448,6/1/19,Pediatrics,0
93449,6/1/19,Pediatrics,1
93453,6/1/19,Pediatrics,0
93454,6/1/19,Pediatrics,12
93455,6/1/19,Pediatrics,4
93456,6/1/19,Pediatrics,0
93457,6/1/19,Pediatrics,0
93458,6/1/19,Pediatrics,1
93460,6/1/19,Pediatrics,0
93463,6/1/19,Pediatrics,2
93464,6/1/19,Pediatrics,0
93465,6/1/19,Pediatrics,2
93504,6/1/19,Pediatrics,0
93505,6/1/19,Pediatrics,0
93510,6/1/19,Pediatrics,0
93514,6/1/19,Pediatrics,2
93515,6/1/19,Pediatrics,0
93518,6/1/19,Pediatrics,0
93523,6/1/19,Pediatrics,0
93524,6/1/19,Pediatrics,0
93529,6/1/19,Pediatrics,0
93532,6/1/19,Pediatrics,0
93534,6/1/19,Pediatrics,15
93535,6/1/19,Pediatrics,2
93536,6/1/19,Pediatrics,2
93539,6/1/19,Pediatrics,0
93543,6/1/19,Pediatrics,0
93544,6/1/19,Pediatrics,0
93545,6/1/19,Pediatrics,0
93546,6/1/19,Pediatrics,2
93550,6/1/19,Pediatrics,2
93551,6/1/19,Pediatrics,4
93552,6/1/19,Pediatrics,5
93555,6/1/19,Pediatrics,3
93556,6/1/19,Pediatrics,0
93561,6/1/19,Pediatrics,1
93563,6/1/19,Pediatrics,0
93581,6/1/19,Pediatrics,0
93586,6/1/19,Pediatrics,1
93590,6/1/19,Pediatrics,0
93599,6/1/19,Pediatrics,0
93602,6/1/19,Pediatrics,0
93610,6/1/19,Pediatrics,0
93611,6/1/19,Pediatrics,4
93612,6/1/19,Pediatrics,7
93613,6/1/19,Pediatrics,2
93614,6/1/19,Pediatrics,0
93616,6/1/19,Pediatrics,0
93618,6/1/19,Pediatrics,0
93619,6/1/19,Pediatrics,4
93622,6/1/19,Pediatrics,0
93625,6/1/19,Pediatrics,0
93626,6/1/19,Pediatrics,0
93630,6/1/19,Pediatrics,0
93631,6/1/19,Pediatrics,0
93635,6/1/19,Pediatrics,4
93636,6/1/19,Pediatrics,59
93637,6/1/19,Pediatrics,6
93638,6/1/19,Pediatrics,6
93640,6/1/19,Pediatrics,0
93641,6/1/19,Pediatrics,0
93643,6/1/19,Pediatrics,0
93644,6/1/19,Pediatrics,2
93646,6/1/19,Pediatrics,0
93647,6/1/19,Pediatrics,0
93648,6/1/19,Pediatrics,0
93650,6/1/19,Pediatrics,1
93651,6/1/19,Pediatrics,0
93654,6/1/19,Pediatrics,3
93657,6/1/19,Pediatrics,1
93660,6/1/19,Pediatrics,0
93662,6/1/19,Pediatrics,0
93675,6/1/19,Pediatrics,0
93701,6/1/19,Pediatrics,12
93702,6/1/19,Pediatrics,0
93703,6/1/19,Pediatrics,1
93704,6/1/19,Pediatrics,0
93705,6/1/19,Pediatrics,1
93706,6/1/19,Pediatrics,1
93707,6/1/19,Pediatrics,0
93710,6/1/19,Pediatrics,13
93711,6/1/19,Pediatrics,13
93715,6/1/19,Pediatrics,0
93720,6/1/19,Pediatrics,30
93721,6/1/19,Pediatrics,15
93722,6/1/19,Pediatrics,3
93723,6/1/19,Pediatrics,0
93725,6/1/19,Pediatrics,0
93726,6/1/19,Pediatrics,9
93727,6/1/19,Pediatrics,4
93728,6/1/19,Pediatrics,0
93729,6/1/19,Pediatrics,1
93730,6/1/19,Pediatrics,13
93737,6/1/19,Pediatrics,0
93740,6/1/19,Pediatrics,0
93744,6/1/19,Pediatrics,0
93755,6/1/19,Pediatrics,0
93901,6/1/19,Pediatrics,13
93902,6/1/19,Pediatrics,0
93905,6/1/19,Pediatrics,0
93906,6/1/19,Pediatrics,6
93907,6/1/19,Pediatrics,0
93908,6/1/19,Pediatrics,3
93912,6/1/19,Pediatrics,0
93920,6/1/19,Pediatrics,0
93921,6/1/19,Pediatrics,1
93922,6/1/19,Pediatrics,1
93923,6/1/19,Pediatrics,6
93924,6/1/19,Pediatrics,2
93926,6/1/19,Pediatrics,0
93927,6/1/19,Pediatrics,0
93930,6/1/19,Pediatrics,0
93932,6/1/19,Pediatrics,1
93933,6/1/19,Pediatrics,3
93940,6/1/19,Pediatrics,12
93942,6/1/19,Pediatrics,0
93950,6/1/19,Pediatrics,2
93953,6/1/19,Pediatrics,3
93955,6/1/19,Pediatrics,4
93960,6/1/19,Pediatrics,1
93962,6/1/19,Pediatrics,0
94002,6/1/19,Pediatrics,6
94005,6/1/19,Pediatrics,0
94010,6/1/19,Pediatrics,24
94011,6/1/19,Pediatrics,1
94014,6/1/19,Pediatrics,1
94015,6/1/19,Pediatrics,33
94017,6/1/19,Pediatrics,0
94018,6/1/19,Pediatrics,0
94019,6/1/19,Pediatrics,4
94020,6/1/19,Pediatrics,0
94022,6/1/19,Pediatrics,21
94023,6/1/19,Pediatrics,3
94024,6/1/19,Pediatrics,16
94025,6/1/19,Pediatrics,38
94026,6/1/19,Pediatrics,3
94027,6/1/19,Pediatrics,3
94028,6/1/19,Pediatrics,3
94030,6/1/19,Pediatrics,1
94035,6/1/19,Pediatrics,1
94037,6/1/19,Pediatrics,1
94038,6/1/19,Pediatrics,0
94039,6/1/19,Pediatrics,0
94040,6/1/19,Pediatrics,26
94041,6/1/19,Pediatrics,4
94042,6/1/19,Pediatrics,1
94043,6/1/19,Pediatrics,5
94044,6/1/19,Pediatrics,1
94060,6/1/19,Pediatrics,0
94061,6/1/19,Pediatrics,5
94062,6/1/19,Pediatrics,10
94063,6/1/19,Pediatrics,20
94064,6/1/19,Pediatrics,0
94065,6/1/19,Pediatrics,4
94066,6/1/19,Pediatrics,1
94070,6/1/19,Pediatrics,9
94080,6/1/19,Pediatrics,10
94083,6/1/19,Pediatrics,0
94085,6/1/19,Pediatrics,0
94086,6/1/19,Pediatrics,21
94087,6/1/19,Pediatrics,10
94088,6/1/19,Pediatrics,0
94089,6/1/19,Pediatrics,2
94102,6/1/19,Pediatrics,3
94103,6/1/19,Pediatrics,5
94104,6/1/19,Pediatrics,3
94105,6/1/19,Pediatrics,2
94107,6/1/19,Pediatrics,16
94108,6/1/19,Pediatrics,2
94109,6/1/19,Pediatrics,14
94110,6/1/19,Pediatrics,32
94111,6/1/19,Pediatrics,0
94112,6/1/19,Pediatrics,2
94114,6/1/19,Pediatrics,11
94115,6/1/19,Pediatrics,28
94116,6/1/19,Pediatrics,10
94117,6/1/19,Pediatrics,11
94118,6/1/19,Pediatrics,54
94119,6/1/19,Pediatrics,0
94121,6/1/19,Pediatrics,8
94122,6/1/19,Pediatrics,12
94123,6/1/19,Pediatrics,5
94124,6/1/19,Pediatrics,4
94125,6/1/19,Pediatrics,0
94127,6/1/19,Pediatrics,7
94128,6/1/19,Pediatrics,0
94129,6/1/19,Pediatrics,0
94131,6/1/19,Pediatrics,11
94132,6/1/19,Pediatrics,7
94133,6/1/19,Pediatrics,18
94134,6/1/19,Pediatrics,2
94140,6/1/19,Pediatrics,0
94141,6/1/19,Pediatrics,0
94143,6/1/19,Pediatrics,109
94146,6/1/19,Pediatrics,1
94147,6/1/19,Pediatrics,0
94158,6/1/19,Pediatrics,84
94159,6/1/19,Pediatrics,0
94164,6/1/19,Pediatrics,0
94188,6/1/19,Pediatrics,0
94301,6/1/19,Pediatrics,42
94302,6/1/19,Pediatrics,1
94303,6/1/19,Pediatrics,11
94304,6/1/19,Pediatrics,162
94305,6/1/19,Pediatrics,108
94306,6/1/19,Pediatrics,7
94401,6/1/19,Pediatrics,18
94402,6/1/19,Pediatrics,2
94403,6/1/19,Pediatrics,27
94404,6/1/19,Pediatrics,10
94501,6/1/19,Pediatrics,15
94502,6/1/19,Pediatrics,2
94503,6/1/19,Pediatrics,4
94505,6/1/19,Pediatrics,1
94506,6/1/19,Pediatrics,9
94507,6/1/19,Pediatrics,5
94508,6/1/19,Pediatrics,0
94509,6/1/19,Pediatrics,7
94510,6/1/19,Pediatrics,1
94512,6/1/19,Pediatrics,0
94513,6/1/19,Pediatrics,8
94514,6/1/19,Pediatrics,0
94515,6/1/19,Pediatrics,1
94516,6/1/19,Pediatrics,0
94517,6/1/19,Pediatrics,2
94518,6/1/19,Pediatrics,2
94519,6/1/19,Pediatrics,2
94520,6/1/19,Pediatrics,3
94521,6/1/19,Pediatrics,1
94522,6/1/19,Pediatrics,1
94523,6/1/19,Pediatrics,5
94525,6/1/19,Pediatrics,0
94526,6/1/19,Pediatrics,10
94528,6/1/19,Pediatrics,0
94530,6/1/19,Pediatrics,4
94531,6/1/19,Pediatrics,16
94533,6/1/19,Pediatrics,8
94534,6/1/19,Pediatrics,11
94535,6/1/19,Pediatrics,1
94536,6/1/19,Pediatrics,1
94537,6/1/19,Pediatrics,0
94538,6/1/19,Pediatrics,59
94539,6/1/19,Pediatrics,6
94540,6/1/19,Pediatrics,0
94541,6/1/19,Pediatrics,8
94542,6/1/19,Pediatrics,1
94544,6/1/19,Pediatrics,1
94545,6/1/19,Pediatrics,21
94546,6/1/19,Pediatrics,9
94547,6/1/19,Pediatrics,4
94549,6/1/19,Pediatrics,19
94550,6/1/19,Pediatrics,12
94551,6/1/19,Pediatrics,7
94552,6/1/19,Pediatrics,3
94553,6/1/19,Pediatrics,19
94555,6/1/19,Pediatrics,0
94556,6/1/19,Pediatrics,2
94558,6/1/19,Pediatrics,11
94559,6/1/19,Pediatrics,4
94560,6/1/19,Pediatrics,3
94561,6/1/19,Pediatrics,1
94562,6/1/19,Pediatrics,0
94563,6/1/19,Pediatrics,14
94564,6/1/19,Pediatrics,8
94565,6/1/19,Pediatrics,2
94566,6/1/19,Pediatrics,6
94567,6/1/19,Pediatrics,0
94568,6/1/19,Pediatrics,21
94569,6/1/19,Pediatrics,0
94570,6/1/19,Pediatrics,0
94571,6/1/19,Pediatrics,0
94572,6/1/19,Pediatrics,0
94574,6/1/19,Pediatrics,2
94576,6/1/19,Pediatrics,0
94577,6/1/19,Pediatrics,29
94578,6/1/19,Pediatrics,2
94579,6/1/19,Pediatrics,0
94580,6/1/19,Pediatrics,1
94581,6/1/19,Pediatrics,0
94582,6/1/19,Pediatrics,6
94583,6/1/19,Pediatrics,21
94585,6/1/19,Pediatrics,0
94586,6/1/19,Pediatrics,0
94587,6/1/19,Pediatrics,7
94588,6/1/19,Pediatrics,28
94589,6/1/19,Pediatrics,9
94590,6/1/19,Pediatrics,1
94591,6/1/19,Pediatrics,7
94592,6/1/19,Pediatrics,1
94595,6/1/19,Pediatrics,7
94596,6/1/19,Pediatrics,28
94597,6/1/19,Pediatrics,7
94598,6/1/19,Pediatrics,21
94599,6/1/19,Pediatrics,1
94601,6/1/19,Pediatrics,8
94602,6/1/19,Pediatrics,15
94603,6/1/19,Pediatrics,0
94604,6/1/19,Pediatrics,1
94605,6/1/19,Pediatrics,1
94606,6/1/19,Pediatrics,2
94607,6/1/19,Pediatrics,14
94608,6/1/19,Pediatrics,8
94609,6/1/19,Pediatrics,117
94610,6/1/19,Pediatrics,14
94611,6/1/19,Pediatrics,89
94612,6/1/19,Pediatrics,6
94613,6/1/19,Pediatrics,0
94618,6/1/19,Pediatrics,13
94619,6/1/19,Pediatrics,1
94620,6/1/19,Pediatrics,0
94621,6/1/19,Pediatrics,0
94623,6/1/19,Pediatrics,1
94661,6/1/19,Pediatrics,0
94662,6/1/19,Pediatrics,0
94702,6/1/19,Pediatrics,2
94703,6/1/19,Pediatrics,6
94704,6/1/19,Pediatrics,7
94705,6/1/19,Pediatrics,18
94706,6/1/19,Pediatrics,5
94707,6/1/19,Pediatrics,7
94708,6/1/19,Pediatrics,5
94709,6/1/19,Pediatrics,12
94710,6/1/19,Pediatrics,0
94720,6/1/19,Pediatrics,2
94801,6/1/19,Pediatrics,12
94802,6/1/19,Pediatrics,0
94803,6/1/19,Pediatrics,0
94804,6/1/19,Pediatrics,0
94805,6/1/19,Pediatrics,0
94806,6/1/19,Pediatrics,3
94807,6/1/19,Pediatrics,0
94820,6/1/19,Pediatrics,1
94901,6/1/19,Pediatrics,7
94903,6/1/19,Pediatrics,21
94904,6/1/19,Pediatrics,11
94912,6/1/19,Pediatrics,0
94913,6/1/19,Pediatrics,1
94914,6/1/19,Pediatrics,0
94915,6/1/19,Pediatrics,0
94920,6/1/19,Pediatrics,1
94922,6/1/19,Pediatrics,0
94923,6/1/19,Pediatrics,0
94924,6/1/19,Pediatrics,0
94925,6/1/19,Pediatrics,1
94927,6/1/19,Pediatrics,0
94928,6/1/19,Pediatrics,1
94929,6/1/19,Pediatrics,0
94930,6/1/19,Pediatrics,1
94931,6/1/19,Pediatrics,1
94937,6/1/19,Pediatrics,0
94938,6/1/19,Pediatrics,0
94939,6/1/19,Pediatrics,9
94940,6/1/19,Pediatrics,0
94941,6/1/19,Pediatrics,20
94942,6/1/19,Pediatrics,1
94945,6/1/19,Pediatrics,6
94946,6/1/19,Pediatrics,0
94947,6/1/19,Pediatrics,0
94948,6/1/19,Pediatrics,0
94949,6/1/19,Pediatrics,4
94951,6/1/19,Pediatrics,0
94952,6/1/19,Pediatrics,1
94953,6/1/19,Pediatrics,0
94954,6/1/19,Pediatrics,9
94956,6/1/19,Pediatrics,1
94957,6/1/19,Pediatrics,1
94960,6/1/19,Pediatrics,2
94963,6/1/19,Pediatrics,1
94964,6/1/19,Pediatrics,0
94965,6/1/19,Pediatrics,2
94966,6/1/19,Pediatrics,0
94970,6/1/19,Pediatrics,0
94971,6/1/19,Pediatrics,0
94973,6/1/19,Pediatrics,0
94975,6/1/19,Pediatrics,0
94976,6/1/19,Pediatrics,0
94977,6/1/19,Pediatrics,0
94978,6/1/19,Pediatrics,0
94979,6/1/19,Pediatrics,1
95001,6/1/19,Pediatrics,1
95002,6/1/19,Pediatrics,0
95003,6/1/19,Pediatrics,3
95004,6/1/19,Pediatrics,0
95005,6/1/19,Pediatrics,2
95006,6/1/19,Pediatrics,0
95008,6/1/19,Pediatrics,6
95009,6/1/19,Pediatrics,0
95010,6/1/19,Pediatrics,0
95011,6/1/19,Pediatrics,0
95012,6/1/19,Pediatrics,0
95014,6/1/19,Pediatrics,8
95015,6/1/19,Pediatrics,0
95018,6/1/19,Pediatrics,0
95019,6/1/19,Pediatrics,3
95020,6/1/19,Pediatrics,6
95021,6/1/19,Pediatrics,0
95023,6/1/19,Pediatrics,1
95024,6/1/19,Pediatrics,1
95030,6/1/19,Pediatrics,3
95031,6/1/19,Pediatrics,2
95032,6/1/19,Pediatrics,49
95033,6/1/19,Pediatrics,1
95035,6/1/19,Pediatrics,18
95036,6/1/19,Pediatrics,0
95037,6/1/19,Pediatrics,5
95038,6/1/19,Pediatrics,0
95039,6/1/19,Pediatrics,0
95043,6/1/19,Pediatrics,0
95044,6/1/19,Pediatrics,0
95045,6/1/19,Pediatrics,1
95046,6/1/19,Pediatrics,1
95050,6/1/19,Pediatrics,3
95051,6/1/19,Pediatrics,61
95052,6/1/19,Pediatrics,0
95054,6/1/19,Pediatrics,1
95055,6/1/19,Pediatrics,2
95056,6/1/19,Pediatrics,0
95060,6/1/19,Pediatrics,5
95061,6/1/19,Pediatrics,0
95062,6/1/19,Pediatrics,14
95063,6/1/19,Pediatrics,1
95064,6/1/19,Pediatrics,0
95065,6/1/19,Pediatrics,2
95066,6/1/19,Pediatrics,2
95067,6/1/19,Pediatrics,0
95070,6/1/19,Pediatrics,16
95071,6/1/19,Pediatrics,0
95073,6/1/19,Pediatrics,1
95076,6/1/19,Pediatrics,7
95077,6/1/19,Pediatrics,0
95110,6/1/19,Pediatrics,3
95111,6/1/19,Pediatrics,3
95112,6/1/19,Pediatrics,4
95113,6/1/19,Pediatrics,0
95116,6/1/19,Pediatrics,21
95117,6/1/19,Pediatrics,2
95118,6/1/19,Pediatrics,1
95119,6/1/19,Pediatrics,31
95120,6/1/19,Pediatrics,11
95121,6/1/19,Pediatrics,5
95122,6/1/19,Pediatrics,1
95123,6/1/19,Pediatrics,4
95124,6/1/19,Pediatrics,16
95125,6/1/19,Pediatrics,2
95126,6/1/19,Pediatrics,2
95127,6/1/19,Pediatrics,6
95128,6/1/19,Pediatrics,39
95129,6/1/19,Pediatrics,7
95130,6/1/19,Pediatrics,0
95131,6/1/19,Pediatrics,2
95132,6/1/19,Pediatrics,3
95133,6/1/19,Pediatrics,0
95134,6/1/19,Pediatrics,0
95135,6/1/19,Pediatrics,2
95136,6/1/19,Pediatrics,0
95138,6/1/19,Pediatrics,3
95139,6/1/19,Pediatrics,1
95148,6/1/19,Pediatrics,1
95150,6/1/19,Pediatrics,0
95151,6/1/19,Pediatrics,0
95153,6/1/19,Pediatrics,1
95154,6/1/19,Pediatrics,0
95156,6/1/19,Pediatrics,0
95157,6/1/19,Pediatrics,1
95158,6/1/19,Pediatrics,0
95159,6/1/19,Pediatrics,1
95160,6/1/19,Pediatrics,1
95161,6/1/19,Pediatrics,0
95164,6/1/19,Pediatrics,0
95170,6/1/19,Pediatrics,0
95173,6/1/19,Pediatrics,1
95192,6/1/19,Pediatrics,0
95201,6/1/19,Pediatrics,0
95202,6/1/19,Pediatrics,1
95203,6/1/19,Pediatrics,0
95204,6/1/19,Pediatrics,4
95205,6/1/19,Pediatrics,0
95206,6/1/19,Pediatrics,0
95207,6/1/19,Pediatrics,10
95208,6/1/19,Pediatrics,0
95209,6/1/19,Pediatrics,6
95210,6/1/19,Pediatrics,13
95212,6/1/19,Pediatrics,2
95213,6/1/19,Pediatrics,0
95215,6/1/19,Pediatrics,0
95219,6/1/19,Pediatrics,8
95220,6/1/19,Pediatrics,0
95221,6/1/19,Pediatrics,0
95222,6/1/19,Pediatrics,0
95223,6/1/19,Pediatrics,0
95227,6/1/19,Pediatrics,0
95228,6/1/19,Pediatrics,0
95231,6/1/19,Pediatrics,2
95234,6/1/19,Pediatrics,0
95236,6/1/19,Pediatrics,0
95237,6/1/19,Pediatrics,0
95240,6/1/19,Pediatrics,3
95241,6/1/19,Pediatrics,2
95242,6/1/19,Pediatrics,8
95245,6/1/19,Pediatrics,0
95247,6/1/19,Pediatrics,0
95249,6/1/19,Pediatrics,2
95251,6/1/19,Pediatrics,0
95252,6/1/19,Pediatrics,0
95258,6/1/19,Pediatrics,1
95267,6/1/19,Pediatrics,2
95269,6/1/19,Pediatrics,0
95301,6/1/19,Pediatrics,1
95304,6/1/19,Pediatrics,2
95305,6/1/19,Pediatrics,0
95307,6/1/19,Pediatrics,2
95309,6/1/19,Pediatrics,0
95310,6/1/19,Pediatrics,0
95315,6/1/19,Pediatrics,1
95316,6/1/19,Pediatrics,0
95317,6/1/19,Pediatrics,0
95319,6/1/19,Pediatrics,0
95320,6/1/19,Pediatrics,0
95321,6/1/19,Pediatrics,0
95322,6/1/19,Pediatrics,0
95324,6/1/19,Pediatrics,0
95326,6/1/19,Pediatrics,0
95327,6/1/19,Pediatrics,0
95330,6/1/19,Pediatrics,1
95334,6/1/19,Pediatrics,1
95336,6/1/19,Pediatrics,5
95337,6/1/19,Pediatrics,6
95338,6/1/19,Pediatrics,0
95340,6/1/19,Pediatrics,1
95341,6/1/19,Pediatrics,5
95344,6/1/19,Pediatrics,1
95348,6/1/19,Pediatrics,3
95350,6/1/19,Pediatrics,8
95351,6/1/19,Pediatrics,1
95352,6/1/19,Pediatrics,0
95353,6/1/19,Pediatrics,0
95354,6/1/19,Pediatrics,2
95355,6/1/19,Pediatrics,13
95356,6/1/19,Pediatrics,22
95357,6/1/19,Pediatrics,4
95358,6/1/19,Pediatrics,0
95360,6/1/19,Pediatrics,0
95361,6/1/19,Pediatrics,2
95363,6/1/19,Pediatrics,1
95366,6/1/19,Pediatrics,2
95367,6/1/19,Pediatrics,1
95368,6/1/19,Pediatrics,0
95369,6/1/19,Pediatrics,0
95370,6/1/19,Pediatrics,7
95372,6/1/19,Pediatrics,0
95373,6/1/19,Pediatrics,0
95376,6/1/19,Pediatrics,1
95377,6/1/19,Pediatrics,9
95378,6/1/19,Pediatrics,0
95379,6/1/19,Pediatrics,0
95380,6/1/19,Pediatrics,1
95381,6/1/19,Pediatrics,0
95382,6/1/19,Pediatrics,7
95383,6/1/19,Pediatrics,0
95386,6/1/19,Pediatrics,0
95387,6/1/19,Pediatrics,0
95389,6/1/19,Pediatrics,0
95391,6/1/19,Pediatrics,5
95401,6/1/19,Pediatrics,3
95402,6/1/19,Pediatrics,0
95403,6/1/19,Pediatrics,12
95404,6/1/19,Pediatrics,9
95405,6/1/19,Pediatrics,15
95406,6/1/19,Pediatrics,1
95407,6/1/19,Pediatrics,13
95409,6/1/19,Pediatrics,6
95410,6/1/19,Pediatrics,0
95415,6/1/19,Pediatrics,0
95417,6/1/19,Pediatrics,0
95420,6/1/19,Pediatrics,0
95422,6/1/19,Pediatrics,2
95424,6/1/19,Pediatrics,0
95425,6/1/19,Pediatrics,1
95427,6/1/19,Pediatrics,0
95428,6/1/19,Pediatrics,0
95431,6/1/19,Pediatrics,0
95436,6/1/19,Pediatrics,1
95437,6/1/19,Pediatrics,1
95439,6/1/19,Pediatrics,0
95441,6/1/19,Pediatrics,0
95442,6/1/19,Pediatrics,1
95443,6/1/19,Pediatrics,0
95444,6/1/19,Pediatrics,0
95445,6/1/19,Pediatrics,0
95446,6/1/19,Pediatrics,0
95448,6/1/19,Pediatrics,3
95450,6/1/19,Pediatrics,0
95451,6/1/19,Pediatrics,0
95452,6/1/19,Pediatrics,0
95453,6/1/19,Pediatrics,1
95454,6/1/19,Pediatrics,0
95456,6/1/19,Pediatrics,0
95457,6/1/19,Pediatrics,0
95458,6/1/19,Pediatrics,0
95460,6/1/19,Pediatrics,2
95461,6/1/19,Pediatrics,0
95462,6/1/19,Pediatrics,0
95464,6/1/19,Pediatrics,0
95465,6/1/19,Pediatrics,0
95467,6/1/19,Pediatrics,0
95469,6/1/19,Pediatrics,0
95470,6/1/19,Pediatrics,1
95472,6/1/19,Pediatrics,1
95473,6/1/19,Pediatrics,2
95476,6/1/19,Pediatrics,4
95482,6/1/19,Pediatrics,7
95485,6/1/19,Pediatrics,0
95487,6/1/19,Pediatrics,0
95490,6/1/19,Pediatrics,0
95492,6/1/19,Pediatrics,0
95497,6/1/19,Pediatrics,0
95501,6/1/19,Pediatrics,3
95502,6/1/19,Pediatrics,0
95503,6/1/19,Pediatrics,2
95518,6/1/19,Pediatrics,0
95519,6/1/19,Pediatrics,3
95521,6/1/19,Pediatrics,2
95524,6/1/19,Pediatrics,0
95526,6/1/19,Pediatrics,0
95527,6/1/19,Pediatrics,0
95528,6/1/19,Pediatrics,0
95531,6/1/19,Pediatrics,0
95532,6/1/19,Pediatrics,0
95534,6/1/19,Pediatrics,0
95536,6/1/19,Pediatrics,0
95540,6/1/19,Pediatrics,3
95542,6/1/19,Pediatrics,0
95546,6/1/19,Pediatrics,0
95547,6/1/19,Pediatrics,0
95549,6/1/19,Pediatrics,0
95556,6/1/19,Pediatrics,0
95558,6/1/19,Pediatrics,0
95560,6/1/19,Pediatrics,0
95562,6/1/19,Pediatrics,0
95567,6/1/19,Pediatrics,0
95570,6/1/19,Pediatrics,0
95573,6/1/19,Pediatrics,0
95601,6/1/19,Pediatrics,1
95602,6/1/19,Pediatrics,5
95603,6/1/19,Pediatrics,3
95604,6/1/19,Pediatrics,1
95605,6/1/19,Pediatrics,1
95608,6/1/19,Pediatrics,13
95609,6/1/19,Pediatrics,0
95610,6/1/19,Pediatrics,0
95611,6/1/19,Pediatrics,1
95612,6/1/19,Pediatrics,0
95613,6/1/19,Pediatrics,0
95614,6/1/19,Pediatrics,0
95615,6/1/19,Pediatrics,0
95616,6/1/19,Pediatrics,25
95617,6/1/19,Pediatrics,1
95618,6/1/19,Pediatrics,13
95619,6/1/19,Pediatrics,0
95620,6/1/19,Pediatrics,1
95621,6/1/19,Pediatrics,2
95623,6/1/19,Pediatrics,0
95624,6/1/19,Pediatrics,5
95628,6/1/19,Pediatrics,7
95630,6/1/19,Pediatrics,19
95631,6/1/19,Pediatrics,0
95632,6/1/19,Pediatrics,1
95636,6/1/19,Pediatrics,0
95638,6/1/19,Pediatrics,0
95640,6/1/19,Pediatrics,0
95642,6/1/19,Pediatrics,1
95648,6/1/19,Pediatrics,10
95650,6/1/19,Pediatrics,1
95652,6/1/19,Pediatrics,0
95655,6/1/19,Pediatrics,0
95658,6/1/19,Pediatrics,1
95660,6/1/19,Pediatrics,0
95661,6/1/19,Pediatrics,72
95662,6/1/19,Pediatrics,0
95663,6/1/19,Pediatrics,0
95665,6/1/19,Pediatrics,0
95667,6/1/19,Pediatrics,6
95669,6/1/19,Pediatrics,0
95670,6/1/19,Pediatrics,12
95671,6/1/19,Pediatrics,0
95672,6/1/19,Pediatrics,0
95673,6/1/19,Pediatrics,0
95675,6/1/19,Pediatrics,0
95677,6/1/19,Pediatrics,4
95678,6/1/19,Pediatrics,3
95679,6/1/19,Pediatrics,0
95682,6/1/19,Pediatrics,1
95683,6/1/19,Pediatrics,0
95684,6/1/19,Pediatrics,0
95685,6/1/19,Pediatrics,0
95687,6/1/19,Pediatrics,4
95688,6/1/19,Pediatrics,14
95689,6/1/19,Pediatrics,0
95690,6/1/19,Pediatrics,0
95691,6/1/19,Pediatrics,2
95692,6/1/19,Pediatrics,0
95693,6/1/19,Pediatrics,0
95694,6/1/19,Pediatrics,1
95695,6/1/19,Pediatrics,4
95696,6/1/19,Pediatrics,0
95698,6/1/19,Pediatrics,0
95703,6/1/19,Pediatrics,0
95709,6/1/19,Pediatrics,0
95713,6/1/19,Pediatrics,1
95721,6/1/19,Pediatrics,0
95722,6/1/19,Pediatrics,0
95726,6/1/19,Pediatrics,2
95736,6/1/19,Pediatrics,0
95741,6/1/19,Pediatrics,0
95742,6/1/19,Pediatrics,0
95746,6/1/19,Pediatrics,13
95747,6/1/19,Pediatrics,3
95757,6/1/19,Pediatrics,9
95758,6/1/19,Pediatrics,21
95759,6/1/19,Pediatrics,1
95762,6/1/19,Pediatrics,8
95763,6/1/19,Pediatrics,0
95765,6/1/19,Pediatrics,2
95776,6/1/19,Pediatrics,3
95798,6/1/19,Pediatrics,0
95811,6/1/19,Pediatrics,1
95812,6/1/19,Pediatrics,0
95813,6/1/19,Pediatrics,0
95814,6/1/19,Pediatrics,11
95815,6/1/19,Pediatrics,12
95816,6/1/19,Pediatrics,26
95817,6/1/19,Pediatrics,86
95818,6/1/19,Pediatrics,0
95819,6/1/19,Pediatrics,11
95820,6/1/19,Pediatrics,0
95821,6/1/19,Pediatrics,3
95822,6/1/19,Pediatrics,3
95823,6/1/19,Pediatrics,44
95824,6/1/19,Pediatrics,0
95825,6/1/19,Pediatrics,9
95826,6/1/19,Pediatrics,0
95827,6/1/19,Pediatrics,2
95828,6/1/19,Pediatrics,1
95829,6/1/19,Pediatrics,0
95830,6/1/19,Pediatrics,0
95831,6/1/19,Pediatrics,5
95832,6/1/19,Pediatrics,2
95833,6/1/19,Pediatrics,3
95834,6/1/19,Pediatrics,2
95835,6/1/19,Pediatrics,1
95837,6/1/19,Pediatrics,0
95838,6/1/19,Pediatrics,0
95841,6/1/19,Pediatrics,1
95842,6/1/19,Pediatrics,0
95843,6/1/19,Pediatrics,0
95851,6/1/19,Pediatrics,0
95860,6/1/19,Pediatrics,0
95864,6/1/19,Pediatrics,4
95865,6/1/19,Pediatrics,1
95866,6/1/19,Pediatrics,0
95901,6/1/19,Pediatrics,1
95903,6/1/19,Pediatrics,0
95912,6/1/19,Pediatrics,0
95914,6/1/19,Pediatrics,0
95918,6/1/19,Pediatrics,0
95919,6/1/19,Pediatrics,0
95924,6/1/19,Pediatrics,0
95926,6/1/19,Pediatrics,10
95927,6/1/19,Pediatrics,1
95928,6/1/19,Pediatrics,3
95929,6/1/19,Pediatrics,0
95932,6/1/19,Pediatrics,0
95938,6/1/19,Pediatrics,0
95945,6/1/19,Pediatrics,4
95946,6/1/19,Pediatrics,0
95947,6/1/19,Pediatrics,0
95948,6/1/19,Pediatrics,1
95949,6/1/19,Pediatrics,0
95951,6/1/19,Pediatrics,0
95953,6/1/19,Pediatrics,0
95954,6/1/19,Pediatrics,0
95959,6/1/19,Pediatrics,0
95961,6/1/19,Pediatrics,1
95962,6/1/19,Pediatrics,0
95963,6/1/19,Pediatrics,1
95965,6/1/19,Pediatrics,0
95966,6/1/19,Pediatrics,2
95967,6/1/19,Pediatrics,0
95969,6/1/19,Pediatrics,3
95971,6/1/19,Pediatrics,0
95973,6/1/19,Pediatrics,0
95975,6/1/19,Pediatrics,0
95988,6/1/19,Pediatrics,0
95991,6/1/19,Pediatrics,5
95992,6/1/19,Pediatrics,1
95993,6/1/19,Pediatrics,8
96001,6/1/19,Pediatrics,12
96002,6/1/19,Pediatrics,3
96003,6/1/19,Pediatrics,1
96007,6/1/19,Pediatrics,0
96008,6/1/19,Pediatrics,0
96009,6/1/19,Pediatrics,0
96013,6/1/19,Pediatrics,0
96015,6/1/19,Pediatrics,0
96019,6/1/19,Pediatrics,0
96020,6/1/19,Pediatrics,0
96021,6/1/19,Pediatrics,0
96022,6/1/19,Pediatrics,0
96025,6/1/19,Pediatrics,0
96028,6/1/19,Pediatrics,0
96032,6/1/19,Pediatrics,0
96039,6/1/19,Pediatrics,0
96044,6/1/19,Pediatrics,0
96048,6/1/19,Pediatrics,0
96049,6/1/19,Pediatrics,0
96052,6/1/19,Pediatrics,0
96062,6/1/19,Pediatrics,0
96064,6/1/19,Pediatrics,0
96067,6/1/19,Pediatrics,1
96073,6/1/19,Pediatrics,0
96080,6/1/19,Pediatrics,4
96084,6/1/19,Pediatrics,0
96088,6/1/19,Pediatrics,0
96091,6/1/19,Pediatrics,0
96093,6/1/19,Pediatrics,0
96094,6/1/19,Pediatrics,0
96096,6/1/19,Pediatrics,0
96097,6/1/19,Pediatrics,2
96099,6/1/19,Pediatrics,1
96101,6/1/19,Pediatrics,0
96103,6/1/19,Pediatrics,0
96104,6/1/19,Pediatrics,0
96106,6/1/19,Pediatrics,0
96114,6/1/19,Pediatrics,0
96120,6/1/19,Pediatrics,0
96122,6/1/19,Pediatrics,0
96127,6/1/19,Pediatrics,0
96130,6/1/19,Pediatrics,0
96140,6/1/19,Pediatrics,0
96142,6/1/19,Pediatrics,0
96143,6/1/19,Pediatrics,0
96145,6/1/19,Pediatrics,0
96146,6/1/19,Pediatrics,0
96148,6/1/19,Pediatrics,1
96150,6/1/19,Pediatrics,2
96151,6/1/19,Pediatrics,0
96158,6/1/19,Pediatrics,0
96160,6/1/19,Pediatrics,1
96161,6/1/19,Pediatrics,1
96162,6/1/19,Pediatrics,0